Sample,latitude,longitude,elev_m,slope_perc,Horizon,landform,Mapped.Lithologic.unit,Parent.Material,bulk.density.vol.cm3,bulk.density.g.cm3,pH,soilmoisture_perc,TC_perc,OC_perc,Nitrogen_ppm,TN_perc
HLEF-17-01,58.6509,-134.83282,975,0,Oi,ridgetop,Tonalite,residuum,112,0.1,4.09,76.6,,,,
HLEF-17-02,58.6509,-134.83282,975,0,Oe,ridgetop,Tonalite,residuum,112,0.11,4.36,89.1,,,,
HLEF-17-03,58.6509,-134.83282,975,0,Oi,ridgetop,Tonalite,residuum,,,,,,,,
HLEF-17-04,58.6509,-134.83282,975,0,Oe,ridgetop,Tonalite,residuum,,,,,,,,
HLEF-17-05,58.6509,-134.83282,975,0,R,ridgetop,Tonalite,residuum,,,,,,,69,
HLEF-17-06,58.6509,-134.83282,975,0,R,ridgetop,Tonalite,rock,,,,,,,,
HLEF-17-07,58.6509,-134.83282,975,0,R,ridgetop,Tonalite,rock,,,,,,,,
HLEF-17-08,58.6509,-134.83282,975,0,,ridgetop,Tonalite,colluvium,,,,,,,,
HLEF-17-09,58.6509,-134.83282,975,0,R,ridgetop,Tonalite,rock,,,,,,,,
HLEF-17-10,58.64722,-134.8428,855,18,Oi,shoulder,Taku,residuum,112,0.14,3.88,82.6,,,,
HLEF-17-11,58.64722,-134.8428,855,18,Oe,shoulder,Taku,residuum,112,0.25,3.59,79.3,,,,
HLEF-17-12,58.64722,-134.8428,855,18,Bw1,shoulder,Taku,residuum,112,0.63,4.46,53.6,,,,
HLEF-17-13,58.64722,-134.8428,855,18,Bw2,shoulder,Taku,residuum,151 cm3,,4.66,,9.243,8.802,3369,
HLEF-17-14,58.64722,-134.8428,855,18,R,shoulder,Taku,rock,,,,,,,45,
HLEF-17-15,58.64722,-134.8428,855,18,R,shoulder,Taku,rock,,,,,,,,
HLEF-17-16,58.64722,-134.8428,855,18,Oi,shoulder,Taku,residuum,,,3.88,,,,,
HLEF-17-17,58.64722,-134.8428,855,18,Oe,shoulder,Taku,residuum,,,3.59,,,,,
HLEF-17-18,58.64722,-134.8428,855,18,Bw1,shoulder,Taku,residuum,,,4.46,,11.727,11.821,5158,
HLEF-17-19,58.64722,-134.8428,855,18,Bw2,shoulder,Taku,residuum,,,3.98,,11.726,11.579,5032,
HLEF-17-21,58.63859,-134.85918,816,0,Oi,ridgetop,Taku,residuum,112,0.11,4.38,75.5,,,,
HLEF-17-22,58.63859,-134.85918,816,0,Cr1,ridgetop,Taku,residuum,,,,,,,,
HLEF-17-23,58.63859,-134.85918,816,0,Cr2,ridgetop,Taku,residuum,,,,,,,,
HLEF-17-24,58.63859,-134.85918,816,0,R,ridgetop,Taku,residuum,,,,,,,77,
HLEF-17-25,58.63859,-134.85918,816,0,Oi,ridgetop,Taku,residuum,,,4.38,,,,,
HLEF-17-26,58.63859,-134.85918,816,0,Oe,ridgetop,Taku,residuum,,,4.53,,,,,
HLEF-17-27,58.63859,-134.85918,816,0,R,ridgetop,Taku,residuum,,,,,,,104,
HLEF-17-28,58.6333,-134.86679,750,85,R,outcrop,Gravina,rock,,,,,,,278,
HLEF-17-29,58.63278,-134.8658329,431,85,R,outcrop,Gravina,rock,,,,,,,,
HLEF-17-30,58.63278,-134.8658329,431,85,Oi,backslope,Gravina,colluvium,112,0.07,3.79,71.7,,,,1.39
HLEF-17-31,58.63278,-134.8658329,431,85,Oi,backslope,Gravina,colluvium,,,,,,,,
HLEF-17-32,58.63278,-134.8658329,431,85,Oe,backslope,Gravina,colluvium,,,3.82,,,,,1.16
HLEF-17-33,58.63278,-134.8658329,431,85,Bh,backslope,Gravina,colluvium,,,3.56,,14.569,14.651,7101,0.69
HLEF-17-34,58.63278,-134.8658329,431,85,Bhs1,backslope,Gravina,colluvium,,,4.28,,8.027,8.152,1950,0.23
HLEF-17-35,58.63278,-134.8658329,431,85,Bs/E,backslope,Gravina,colluvium,,,4.39,,4.999,5.03,1151,0.12
HLEF-17-36,58.63278,-134.8658329,431,85,Bhs2,backslope,Gravina,colluvium,,,4.7,,3.987,4.034,1093,0.12
HLEF-17-37,58.63278,-134.8658329,431,85,Bw1,backslope,Gravina,colluvium,,,4.81,,2.054,2.084,674,0.08
HLEF-17-38,58.63278,-134.8658329,431,85,Bw2,backslope,Gravina,colluvium,,,4.95,,2.068,2.084,755,0.09
HLEF-17-39,58.64056,-134.86728,659,,rock,backslope,Gravina,rock,,,,,,,375,
HLEF-17-40,58.64452,-134.86932,526,,rock,backslope,Gravina,rock,,,,,,,72,
HLEF-17-41,58.64247,-134.87283,488,48,2C,backslope,Gravina,till,,,5.13,,1.011,0.998,351,
HLEF-17-42,58.64247,-134.87283,488,48,Oi,backslope,Gravina,till,112,0.14,3.66,77.1,,,,
HLEF-17-43,58.64247,-134.87283,488,48,Oi,backslope,Gravina,till,,,,,,,,
HLEF-17-44,58.64247,-134.87283,488,48,E,backslope,Gravina,till,,,3.97,,4.511,4.54,1658,
HLEF-17-45,58.64247,-134.87283,488,48,Bhs,backslope,Gravina,till,,,3.97,,7.327,7.377,2255,
HLEF-17-46,58.64247,-134.87283,488,48,Bs,backslope,Gravina,till,,,4.16,,4.824,4.797,1413,
HLEF-17-47,58.64247,-134.87283,488,48,Bhs,backslope,Gravina,till,112,0.52,,62.1,,,,
HLEF-17-48,58.64247,-134.87283,488,48,Bhs,backslope,Gravina,till,112,0.51,,60.8,,,,
HLEF-17-49,58.64247,-134.87283,488,,rock,backslope,Gravina,rock,,,,,,,97,
HLEF-17-50,58.63066,-134.86248,200,,A,backslope,Gravina,colluvium,,,,,,,,
HLEF-17-51,58.63066,-134.86248,200,,Bhs,backslope,Gravina,colluvium,,,,,,,,
HLEF-17-52,58.63066,-134.86248,200,,Bh1,backslope,Gravina,colluvium,,,,,,,,
HLEF-17-53,58.63066,-134.86248,200,,Bh2,backslope,Gravina,colluvium,,,,,,,,
,,,,,,,,,,,,,,,,
HLEF-18-01,58.63025,-134.86491,290,,Oi,backslope,Gravina,colluvium,,,4.15,73.6,,,,1.63
HLEF-18-02,58.63025,-134.86491,290,,E,backslope,Gravina,colluvium,,,3.95,59.9,,,,0.46
HLEF-18-03,58.63025,-134.86491,290,,Bh,backslope,Gravina,colluvium,,,4.14,45.8,,,,0.49
HLEF-18-04,58.63025,-134.86491,290,,Bs1,backslope,Gravina,colluvium,,,5.07,34.9,,,,0.29
HLEF-18-05,58.63025,-134.86491,290,,Bs2,backslope,Gravina,colluvium,,,5.72,15.8,,,,0.06
HLEF-18-06,58.63025,-134.86491,290,,Bs3,backslope,Gravina,colluvium,,,5.79,15.2,,,,0.06
HLEF-18-07,58.63025,-134.86491,290,,C,backslope,Gravina,colluvium,,,6,33.8,,,,0.07
HLEF-18-09,58.63025,-134.86491,290,,R,backslope,Gravina,rock,,,,,,,,
HLEF-18-10,58.63709,-134.85884,670,30,Oi,shoulder,Taku,colluvium,,,3.91,79.1,,,,0.966
HLEF-18-11,58.63709,-134.85884,670,30,E,shoulder,Taku,colluvium,,,4.07,62.6,,,,0.57
HLEF-18-12,58.63709,-134.85884,670,30,Bh,shoulder,Taku,colluvium,,,4.26,59.7,,,,0.648
HLEF-18-13,58.63709,-134.85884,670,30,Bhs,shoulder,Taku,colluvium,,,4.67,51.6,,,,0.28
HLEF-18-14,58.63709,-134.85884,670,30,Bs1,shoulder,Taku,colluvium,,,4.69,57,,,,0.21
HLEF-18-15,58.63709,-134.85884,670,30,Bs2,shoulder,Taku,colluvium,,,4.74,48.1,,,,0.19
HLEF-18-16,58.63709,-134.85884,670,30,BC,shoulder,Taku,colluvium,,,4.79,23.4,,,,
HLEF-18-17,58.63709,-134.85884,670,30,R,shoulder,Taku,rock,,,,,,,,
HLEF-18-18,58.63434,-134.85104,409,30,R,shoulder,Taku,rock,,,,,,,,
HLEF-18-19,58.63434,-134.85104,409,30,R,shoulder,Taku,rock,,,,,,,,
HLEF-18-20,58.63434,-134.85104,409,68,Oi,backslope,Taku,colluvium,,,3.85,75.6,,,,1.229
HLEF-18-21,58.63434,-134.85104,409,68,Bh,backslope,Taku,colluvium,,,4.09,62.7,,,,0.56
HLEF-18-22,58.63434,-134.85104,409,68,Bhs1,backslope,Taku,colluvium,,,4.34,48.6,,,,0.62
HLEF-18-23,58.63434,-134.85104,409,68,E',backslope,Taku,colluvium,,,4.48,51.8,,,,0.214
HLEF-18-24,58.63434,-134.85104,409,68,Bhs2',backslope,Taku,colluvium,,,4.55,72.8,,,,0.432
HLEF-18-25,58.63434,-134.85104,409,68,Bs',backslope,Taku,colluvium,,,4.54,60,,,,0.283
HLEF-18-26,58.63434,-134.85104,409,68,C',backslope,Taku,colluvium,,,4.54,58.4,,,,0.376
HLEF-18-27,58.63434,-134.85104,409,68,R,backslope,Taku,rock,,,,,,,,
HLEF-18-28,58.65625,-134.88261,138,34,Oi,backslope,Gravina,till,,,4.15,81.7,,,,
HLEF-18-29,58.65625,-134.88261,138,34,E,backslope,Gravina,till,,,4.76,,,,,
HLEF-18-30,58.65625,-134.88261,138,34,Bh,backslope,Gravina,till,,,4.37,61.7,,,,
HLEF-18-31,58.65625,-134.88261,138,34,Bhs,backslope,Gravina,till,,,4.78,60.4,,,,
HLEF-18-32,58.65625,-134.88261,138,34,Bs1,backslope,Gravina,till,,,4.96,53.4,,,,
HLEF-18-33,58.65625,-134.88261,138,34,Bs2,backslope,Gravina,till,,,5.01,35.9,,,,
HLEF-18-34,58.65625,-134.88261,138,34,C,backslope,Gravina,till,,,5.05,,,,,
HLEF-18-35,58.65625,-134.88261,138,34,Oi,backslope,Gravina,till,72,0.16,,80.8,,,,
HLEF-18-36,58.65625,-134.88261,138,34,Oi,backslope,Gravina,till,210,0.19,,82.5,,,,
HLEF-18-37,58.65625,-134.88261,138,34,Bh,backslope,Gravina,till,112,0.55,,61.1,,,,
HLEF-18-38,58.65625,-134.88261,138,34,Bh,backslope,Gravina,till,112,0.51,,62.4,,,,
HLEF-18-39,58.65625,-134.88261,138,34,Bhs,backslope,Gravina,till,112,0.6,,60.4,,,,
HLEF-18-40,58.65625,-134.88261,138,34,Bhs,backslope,Gravina,till,112,0.53,,60.4,,,,
HLEF-18-41,58.65625,-134.88261,138,34,Bs1,backslope,Gravina,till,112,0.71,,54,,,,
HLEF-18-42,58.65625,-134.88261,138,34,Bs1,backslope,Gravina,till,112,0.8,,52.7,,,,
HLEF-18-43,58.65625,-134.88261,138,34,Bs2,backslope,Gravina,till,112,1.04,,39.5,,,,
HLEF-18-44,58.65625,-134.88261,138,34,Bs2,backslope,Gravina,till,112,1.13,,33.7,,,,
HLEF-18-45,58.65625,-134.88261,138,34,Bs2,backslope,Gravina,till,112,1.11,,34.4,,,,
,,,,,,,,,,,,,,,,
HLEF-19-01,58.66349,-134.871689,200,31,Oi,backslope,Gravina,colluvium,125,0.18,3.8,,,,,0.44
HLEF-19-02,58.66349,-134.871689,200,31,Bh,backslope,Gravina,colluvium,138.5,0.18,4.36,,,,,0.77
HLEF-19-03,58.66349,-134.871689,200,31,Bs1,backslope,Gravina,colluvium,138.5,0.36,5.12,,,,,0.4
HLEF-19-04,58.66349,-134.871689,200,31,Bs2,backslope,Gravina,colluvium,,,5.38,,,,,0.26
HLEF-19-05,58.66349,-134.871689,200,31,2Bs,backslope,Gravina,colluvium,138.5,0.43,5.42,,,,,0.26
HLEF-19-06,58.66349,-134.871689,200,31,3Bs,backslope,Gravina,colluvium,138.5,0.7,5.55,,,,,0.08
HLEF-19-07,58.66349,-134.871689,200,31,3Bs2,backslope,Gravina,colluvium,138.5,0.74,5.36,,,,,0.21
HLEF-19-08,58.66349,-134.871689,200,31,3R,backslope,Gravina,rock,,,,,,,,0.006
HLEF-19-09,58.66349,-134.871689,200,31,Oi,backslope,Gravina,colluvium,,,,,,,,
HLEF-19-10,58.66349,-134.871689,200,31,Oi,backslope,Gravina,colluvium,125,0.18,,,,,,
HLEF-19-11,58.66349,-134.871689,200,31,Bh,backslope,Gravina,colluvium,138.5,0.19,,,,,,
HLEF-19-12,58.66349,-134.871689,200,31,Bh,backslope,Gravina,colluvium,138.5,0.16,,,,,,
HLEF-19-13,58.66349,-134.871689,200,31,Bs1,backslope,Gravina,colluvium,138.5,0.45,,,,,,
HLEF-19-14,58.66349,-134.871689,200,31,Bs1,backslope,Gravina,colluvium,138.5,0.27,,,,,,
HLEF-19-15,58.66349,-134.871689,200,31,2Bs,backslope,Gravina,colluvium,138.5,0.31,,,,,,
HLEF-19-16,58.66349,-134.871689,200,31,2Bs,backslope,Gravina,colluvium,138.5,0.55,,,,,,
HLEF-19-17,58.66349,-134.871689,200,31,3Bs,backslope,Gravina,colluvium,138.5,0.51,,,,,,
HLEF-19-18,58.66349,-134.871689,200,31,3Bs,backslope,Gravina,colluvium,138.5,0.88,,,,,,
HLEF-19-19,58.66349,-134.871689,200,31,3Bs2,backslope,Gravina,colluvium,138.5,0.84,,,,,,
HLEF-19-20,58.66349,-134.871689,200,31,3bs2,backslope,Gravina,colluvium,138.5,0.65,,,,,,
HLEF-19-21,58.64407,-134.829072,620,75,Oi,backslope,Tonalite,colluvium,125,0.68,3.78,,,,,1.267
HLEF-19-22,58.64407,-134.829072,620,75,E,backslope,Tonalite,colluvium,,,4.03,,,,,0.285
HLEF-19-23,58.64407,-134.829072,620,75,Bh,backslope,Tonalite,colluvium,,,3.81,,,,,0.47
HLEF-19-24,58.64407,-134.829072,620,75,Bh2,backslope,Tonalite,colluvium,,,5.17,,,,,0.19
HLEF-19-25,58.64407,-134.829072,620,75,Bs,backslope,Tonalite,colluvium,,,5.16,,,,,0.16
HLEF-19-26,58.64407,-134.829072,620,75,2Bs,backslope,Tonalite,colluvium,,,5.05,,,,,0.17
HLEF-19-27,58.64407,-134.829072,620,75,2Bhs,backslope,Tonalite,colluvium,,,5.17,,,,,0.15
HLEF-19-28,58.64407,-134.829072,620,75,3C,backslope,Tonalite,colluvium,,,5.24,,,,,0.034
HLEF-19-29,58.64407,-134.829072,620,75,3R,backslope,Tonalite,rock,,,,,,,,0
HLEF-19-30,58.64407,-134.829072,620,75,3R,backslope,Tonalite,rock,,,,,,,,0
HLEF-19-31,58.64407,-134.829072,620,75,,backslope,Tonalite,colluvium,138.5,0.14,,,,,,
HLEF-19-32,58.64407,-134.829072,620,75,,backslope,Tonalite,colluvium,138.5,0.14,,,,,,
HLEF-19-33,58.64407,-134.829072,620,75,,backslope,Tonalite,colluvium,138.5,0.56,,,,,,
HLEF-19-34,58.64407,-134.829072,620,75,,backslope,Tonalite,colluvium,138.5,0.87,,,,,,
HLEF-19-35,58.64407,-134.829072,620,75,,backslope,Tonalite,colluvium,138.5,0.6,,,,,,
HLEF-19-36,58.64407,-134.829072,620,75,,backslope,Tonalite,colluvium,138.5,0.62,,,,,,
HLEF-19-37,58.64407,-134.829072,620,75,,backslope,Tonalite,colluvium,138.5,0.5,,,,,,
HLEF-19-38,58.64407,-134.829072,620,75,,backslope,Tonalite,colluvium,138.5,0.49,,,,,,
HLEF-19-39,58.64888,-134.839706,760,0,Oi,ridgetop,Taku ,colluvium,125,0.35,3.95,,,,,1.093
HLEF-19-40,58.64888,-134.839706,760,0,Oa,ridgetop,Taku ,colluvium,,,3.98,,,,,1.4
HLEF-19-41,58.64888,-134.839706,760,0,Bs,ridgetop,Taku ,colluvium,138.5,0.75,4.49,,,,,0.224
HLEF-19-42,58.64888,-134.839706,760,0,Cr,ridgetop,Taku ,colluvium,,,4.28,,,,,0
HLEF-19-43,58.64888,-134.839706,760,0,R,ridgetop,Taku,rock,,,,,,,,0.002
HLEF-19-44,58.64888,-134.839706,760,0,Oi,ridgetop,Taku,colluvium,125,0.36,,,,,,
HLEF-19-45,58.64888,-134.839706,760,0,Oi,ridgetop,Taku,colluvium,125,0.35,,,,,,
HLEF-19-46,58.36696,-134.535614,218,34,Oi,backslope,Taku,colluvium,125,0.14,3.38,,,,,1.186
HLEF-19-47,58.36696,-134.535614,218,34,Oa,backslope,Taku,colluvium,125,0.52,3.53,,,,,0.9
HLEF-19-48,58.36696,-134.535614,218,34,E,backslope,Taku,colluvium,138.5,0.58,3.89,,,,,0.22
HLEF-19-49,58.36696,-134.535614,218,34,Bhs,backslope,Taku,colluvium,138.5,0.45,4.2,,,,,0.27
HLEF-19-50,58.36696,-134.535614,218,34,B/C,backslope,Taku,colluvium,138.5,0.35,4.55,,,,,0.2
HLEF-19-51,58.36696,-134.535614,218,34,Cr,backslope,Taku,residuum,,,4.52,,,,,
HLEF-19-52,58.36696,-134.535614,218,34,2R,backslope,Taku,rock,,,,,,,,0.033
HLEF-19-53,58.36696,-134.535614,218,34,Oi,backslope,Taku,colluvium,125,0.15,,,,,,
HLEF-19-54,58.36696,-134.535614,218,34,Oi,backslope,Taku,colluvium,125,0.15,,,,,,
HLEF-19-55,58.36696,-134.535614,218,34,Oi,backslope,Taku,colluvium,125,0.15,,,,,,
HLEF-19-56,58.36696,-134.535614,218,34,Oi,backslope,Taku,colluvium,125,0.13,,,,,,
HLEF-19-57,58.36696,-134.535614,218,34,Oa,backslope,Taku,colluvium,125,0.55,,,,,,
HLEF-19-58,58.36696,-134.535614,218,34,Oa,backslope,Taku,colluvium,125,0.5,,,,,,
HLEF-19-59,58.36696,-134.535614,218,34,E,backslope,Taku,colluvium,138.5,0.58,,,,,,
HLEF-19-60,58.36696,-134.535614,218,34,E,backslope,Taku,colluvium,138.5,0.58,,,,,,
HLEF-19-61,58.36696,-134.535614,218,34,Bhs,backslope,Taku,colluvium,138.5,0.44,,,,,,
HLEF-19-62,58.36696,-134.535614,218,34,Bhs,backslope,Taku,colluvium,138.5,0.57,,,,,,
HLEF-19-63,58.36696,-134.535614,218,34,Bhs,backslope,Taku,colluvium,138.5,0.47,,,,,,
HLEF-19-64,58.36696,-134.535614,218,34,Bhs,backslope,Taku,colluvium,138.5,0.46,,,,,,
HLEF-19-65,58.36696,-134.535614,218,34,B/C,backslope,Taku,colluvium,138.5,0.36,,,,,,
HLEF-19-66,58.36696,-134.535614,218,34,B/C,backslope,Taku,colluvium,138.5,0.35,,,,,,
HLEF-19-67,58.36356,-134.535614,110,31,Oi,backslope,Gravina,colluvium,125,0.16,3.88,,,,,1.527
HLEF-19-68,58.36356,-134.535614,110,31,Bh,backslope,Gravina,colluvium,138.5,0.47,3.99,,,,,0.303
HLEF-19-69,58.36356,-134.535614,110,31,Bhs,backslope,Gravina,colluvium,138.5,0.48,4.38,,,,,0.161
HLEF-19-70,58.36356,-134.535614,110,31,Bs,backslope,Gravina,colluvium,138.5,,4.56,,,,,0.115
HLEF-19-71,58.36356,-134.535614,110,31,2Cr,backslope,Gravina,residuum,,,4.77,,,,,
HLEF-19-72,58.36356,-134.535614,110,31,2R,backslope,Gravina,rock,,,,,,,,0
HLEF-19-73,58.36356,-134.535614,110,31,Oi,backslope,Gravina,colluvium,125,0.17,,,,,,
HLEF-19-74,58.36356,-134.535614,110,31,Oi,backslope,Gravina,colluvium,125,0.16,,,,,,
HLEF-19-75,58.36356,-134.535614,110,31,Bhs/Bs,backslope,Gravina,colluvium,138.5,0.49,,,,,,
HLEF-19-76,58.36356,-134.535614,110,31,Bhs/Bs,backslope,Gravina,colluvium,138.5,0.46,,,,,,
HLEF-19-77,58.36356,-134.535614,110,31,Bh,backslope,Gravina,colluvium,138.5,0.45,,,,,,
HLEF-19-78,58.36356,-134.535614,110,31,Bh,backslope,Gravina,colluvium,138.5,0.49,,,,,,
HLEF-19-79,58.65214,-134.8457,630,55,2C3,backslope,Taku+Tonalite,Slate> Tonalite - Colluvium,,,5.66,,,,,0.028
HLEF-19-80,58.65214,-134.8457,630,55,2C2,backslope,Taku+Tonalite,Slate> Tonalite - Colluvium,138.5,0.63,5.54,,,,,0.038
HLEF-19-81,58.65214,-134.8457,630,55,2C,backslope,Taku+Tonalite,Slate> Tonalite - Colluvium,138.5,0.17,5.51,,,,,0.157
HLEF-19-82,58.65214,-134.8457,630,55,B/C,backslope,Taku+Tonalite,Slate> Tonalite - Colluvium,138.5,,5.38,,,,,0.157
HLEF-19-83,58.65214,-134.8457,630,55,Bhs2,backslope,Taku+Tonalite,Slate> Tonalite - Colluvium,138.5,0.39,5.33,,,,,0.18
HLEF-19-84,58.65214,-134.8457,630,55,Bhs,backslope,Taku+Tonalite,Slate> Tonalite - Colluvium,138.5,0.39,5.07,,,,,0.184
HLEF-19-85,58.65214,-134.8457,630,55,E/Bh,backslope,Taku+Tonalite,Slate> Tonalite - Colluvium,125,0.05,4.16,,,,,0.33
HLEF-19-86,58.65214,-134.8457,630,55,2C2,backslope,Taku+Tonalite,Slate> Tonalite - Colluvium,138.5,0.63,,,,,,
HLEF-19-87,58.65214,-134.8457,630,55,2C,backslope,Taku+Tonalite,Slate> Tonalite - Colluvium,138.5,0.17,,,,,,
HLEF-19-88,58.65214,-134.8457,630,55,Bhs2,backslope,Taku+Tonalite,Slate> Tonalite - Colluvium,138.5,0.39,,,,,,
HLEF-19-89,58.65214,-134.8457,630,55,Bhs,backslope,Taku+Tonalite,Slate> Tonalite - Colluvium,138.5,0.45,,,,,,
HLEF-19-90,58.65214,-134.8457,630,55,Bhs,backslope,Taku+Tonalite,Slate> Tonalite - Colluvium,138.5,0.34,,,,,,
HLEF-19-91,58.65214,-134.8457,630,55,Oa,backslope,Taku+Tonalite,Slate> Tonalite - Colluvium,125,0.06,,,,,,
HLEF-19-92,58.65214,-134.8457,630,55,Oa,backslope,Taku+Tonalite,Slate> Tonalite - Colluvium,125,0.04,,,,,,
HLEF-19-93,58.65214,-134.8457,630,55,Oe,backslope,Taku+Tonalite,Slate> Tonalite - Colluvium,125,0.02,,,,,,
HLEF-19-94,58.65214,-134.8457,630,55,Oe,backslope,Taku+Tonalite,Slate> Tonalite - Colluvium,125,0.02,,,,,,
HLEF-19-95,58.64888,-134.839706,760,0,Bs,backslope,Taku+Tonalite,Slate > Tonalite - Till,138.5,1.52,,,,,,
HLEF-19-96,58.64888,-134.839706,760,0,Bs,backslope,Taku+Tonalite,Slate > Tonalite - Till,138.5,0.55,,,,,,
HLEF-19-97,58.64888,-134.839706,760,0,Bs,backslope,Taku+Tonalite,Slate > Tonalite - Till,138.5,0.42,,,,,,
HLEF-19-98,58.37764,-134.54618,250,65,O,backslope,Taku,Slate or Phyllite - Colluvium,,,4.55,,,,,1.395
HLEF-19-99,58.37764,-134.54618,250,65,E,backslope,Taku,Slate or Phyllite - Colluvium,138.5,0.48,4.66,,,,,0.237
HLEF-19-100,58.37764,-134.54618,250,65,Bs,backslope,Taku,Slate or Phyllite - Colluvium,138.5,0.43,4.91,,,,,0.218
HLEF-19-101,58.37764,-134.54618,250,65,2 B/C,backslope,Taku,Slate or Phyllite - Colluvium,138.5,0.51,5.01,,,,,0.126
HLEF-19-102,58.37764,-134.54618,250,65,3 B/C,backslope,Taku,Slate or Phyllite - Colluvium,138.5,0.6,5.13,,,,,0.079
HLEF-19-103,58.37764,-134.54618,250,65,4 C/R,backslope,Taku,Slate or Phyllite - Colluvium,,,,,,,,0.044
HLEF-19-104,58.37764,-134.54618,250,65,E,backslope,Taku,Slate or Phyllite - Colluvium,138.5,0.49,,,,,,
HLEF-19-105,58.37764,-134.54618,250,65,E,backslope,Taku,Slate or Phyllite - Colluvium,138.5,0.47,,,,,,
HLEF-19-106,58.37764,-134.54618,250,65,Bs,backslope,Taku,Slate or Phyllite - Colluvium,138.5,0.51,,,,,,
HLEF-19-107,58.37764,-134.54618,250,65,Bs,backslope,Taku,Slate or Phyllite - Colluvium,138.5,0.35,,,,,,
HLEF-19-108,58.37764,-134.54618,250,65,2 B/C,backslope,Taku,Slate or Phyllite - Colluvium,138.5,0.56,,,,,,
HLEF-19-109,58.37764,-134.54618,250,65,2 B/C,backslope,Taku,Slate or Phyllite - Colluvium,138.5,0.47,,,,,,
HLEF-19-110,58.37764,-134.54618,250,65,3 B/C,backslope,Taku,Slate or Phyllite - Colluvium,138.5,0.66,,,,,,
HLEF-19-111,58.37764,-134.54618,250,65,3 B/C,backslope,Taku,Slate or Phyllite - Colluvium,138.5,0.55,,,,,,0.048
HLEF-19-112,58.37823,-134.54806,300,65,Oe,backslope,Taku,Slate or Phyllite - Colluvium,,,3.82,,,,,
HLEF-19-113,58.37823,-134.54806,300,65,Oi,backslope,Taku,Slate or Phyllite - Colluvium,125,0.2,3.5,,,,,
HLEF-19-114,58.37823,-134.54806,300,65,E,backslope,Taku,Slate or Phyllite - Colluvium,138.5,0.31,3.98,,,,,0.304
HLEF-19-115,58.37823,-134.54806,300,65,Bh,backslope,Taku,Slate or Phyllite - Colluvium,138.5,0.33,4.09,,,,,0.409
HLEF-19-116,58.37823,-134.54806,300,65,Bhs/Bs,backslope,Taku,Slate or Phyllite - Colluvium,138.5,0.37,4.65,,,,,0.215
HLEF-19-117,58.37823,-134.54806,300,65,2E,backslope,Taku,Slate or Phyllite - Colluvium,,,4.78,,,,,0.128
HLEF-19-118,58.37823,-134.54806,300,65,2BC,backslope,Taku,Slate or Phyllite - Colluvium,,,4.85,,,,,0.157
HLEF-19-119,58.37823,-134.54806,300,65,3Bsg,backslope,Taku,Slate or Phyllite - Colluvium,,,4.95,,,,,0.159
HLEF-19-120,58.37823,-134.54806,300,65,3BCg,backslope,Taku,Slate or Phyllite - Colluvium,,,4.85,,,,,0.253
HLEF-19-121,58.37823,-134.54806,300,65,4Cr,backslope,Taku,Slate or Phyllite - Colluvium,,,,,,,,0.059
HLEF-19-122,58.37823,-134.54806,300,65,Oi,backslope,Taku,Slate or Phyllite - Colluvium,125,0.2,,,,,,
HLEF-19-123,58.37823,-134.54806,300,65,E,backslope,Taku,Slate or Phyllite - Colluvium,138.5,0.3,,,,,,
HLEF-19-124,58.37823,-134.54806,300,65,E,backslope,Taku,Slate or Phyllite - Colluvium,138.5,0.32,,,,,,
HLEF-19-125,58.37823,-134.54806,300,65,Bh,backslope,Taku,Slate or Phyllite - Colluvium,138.5,0.3,,,,,,
HLEF-19-126,58.37823,-134.54806,300,65,Bh,backslope,Taku,Slate or Phyllite - Colluvium,138.5,0.36,,,,,,
HLEF-19-127,58.37823,-134.54806,300,65,Bhs/Bs,backslope,Taku,Slate or Phyllite - Colluvium,138.5,0.35,,,,,,
HLEF-19-128,58.37823,-134.54806,300,65,Bhs/Bs,backslope,Taku,Slate or Phyllite - Colluvium,138.5,0.38,,,,,,
HLEF-19-129,58.37977,-134.55011,350,60,Oi,backslope,Taku,Slate or Phyllite - Colluvium,,,3.84,,,,,0.915
HLEF-19-130,58.37977,-134.55011,350,60,Oe,backslope,Taku,Slate or Phyllite - Colluvium,125,0.2,4.05,,,,,1.083
HLEF-19-131,58.37977,-134.55011,350,60,E,backslope,Taku,Slate or Phyllite - Colluvium,138.5,0.49,3.76,,,,,0.359
HLEF-19-132,58.37977,-134.55011,350,60,Bhs,backslope,Taku,Slate or Phyllite - Colluvium,138.5,0.45,4.31,,,,,0.411
HLEF-19-133,58.37977,-134.55011,350,60,Bs,backslope,Taku,Slate or Phyllite - Colluvium,138.5,0.43,4.64,,,,,0.215
HLEF-19-134,58.37977,-134.55011,350,60,Eb,backslope,Taku,Slate or Phyllite - Colluvium,,,4.65,,,,,0.095
HLEF-19-135,58.37977,-134.55011,350,60,B/C,backslope,Taku,Slate or Phyllite - Colluvium,,,4.64,,,,,0.158
HLEF-19-136,58.37977,-134.55011,350,60,Cr,backslope,Taku,Slate or Phyllite - Colluvium,,,,,,,,0.186
HLEF-19-137,58.37977,-134.55011,350,60,Oe,backslope,Taku,Slate or Phyllite - Colluvium,125,0.19,,,,,,
HLEF-19-138,58.37977,-134.55011,350,60,Oe,backslope,Taku,Slate or Phyllite - Colluvium,125,0.22,,,,,,
HLEF-19-139,58.37977,-134.55011,350,60,E,backslope,Taku,Slate or Phyllite - Colluvium,138.5,0.55,,,,,,
HLEF-19-140,58.37977,-134.55011,350,60,E,backslope,Taku,Slate or Phyllite - Colluvium,138.5,0.43,,,,,,
HLEF-19-141,58.37977,-134.55011,350,60,Bhs,backslope,Taku,Slate or Phyllite - Colluvium,138.5,0.4,,,,,,
HLEF-19-142,58.37977,-134.55011,350,60,Bhs,backslope,Taku,Slate or Phyllite - Colluvium,138.5,0.5,,,,,,
HLEF-19-143,58.37977,-134.55011,350,60,Bs,backslope,Taku,Slate or Phyllite - Colluvium,138.5,0.46,,,,,,
HLEF-19-144,58.37977,-134.55011,350,60,Bs,backslope,Taku,Slate or Phyllite - Colluvium,138.5,0.41,,,,,,
HLEF-19-145,58.42285,-134.75397,150,70,Oi,backslope,Gravina volcanic,Volcanic graywacke? - Colluvium,125,0.16,4.13,,,,,1.148
HLEF-19-146,58.42285,-134.75397,150,70,Oe,backslope,Gravina volcanic,Volcanic graywacke? - Colluvium,,,3.77,,,,,
HLEF-19-147,58.42285,-134.75397,150,70,O/E,backslope,Gravina volcanic,Volcanic graywacke? - Colluvium,,,3.79,,,,,0.278
HLEF-19-148,58.42285,-134.75397,150,70,Bs/Cr,backslope,Gravina volcanic,Volcanic graywacke? - Colluvium,138.5,0.27,5.39,,,,,0.237
HLEF-19-149,58.42285,-134.75397,150,70,Oi,backslope,Gravina volcanic,Volcanic graywacke? - Colluvium,125,0.17,,,,,,
HLEF-19-150,58.42285,-134.75397,150,70,Oi,backslope,Gravina volcanic,Volcanic graywacke? - Colluvium,125,0.15,,,,,,
HLEF-19-151,58.42285,-134.75397,150,70,Bs/Cr,backslope,Gravina volcanic,Volcanic graywacke? - Colluvium,138.5,0.31,,,,,,
HLEF-19-152,58.42285,-134.75397,150,70,Bs/Cr,backslope,Gravina volcanic,Volcanic graywacke? - Colluvium,138.5,0.22,,,,,,
HLEF-19-153,58.42285,-134.75397,150,70,Cr,backslope,Gravina volcanic,Volcanic graywacke? - Colluvium,,,,,,,,
HLEF-19-154,58.34771,-134.48257,150,40,O,backslope,Taku,Phyllite - Colluvium,125,0.13,3.82,,,,,1.246
HLEF-19-155,58.34771,-134.48257,150,40,Bh,backslope,Taku,Phyllite - Colluvium,138.5,0.24,4.12,,,,,0.353
HLEF-19-156,58.34771,-134.48257,150,40,Bhs,backslope,Taku,Phyllite - Colluvium,138.5,0.54,4.45,,,,,0.168
HLEF-19-157,58.34771,-134.48257,150,40,Bs,backslope,Taku,Phyllite - Colluvium,138.5,0.63,4.89,,,,,0.064
HLEF-19-158,58.34771,-134.48257,150,40,2BC,backslope,Taku,Phyllite - Colluvium,,,5.25,,,,,0.26
HLEF-19-159,58.34771,-134.48257,150,40,2R,backslope,Taku,Phyllite - Colluvium,,,,,,,,0
HLEF-19-160,58.34771,-134.48257,150,40,O,backslope,Taku,Phyllite - Colluvium,125,0.13,,,,,,
HLEF-19-161,58.34771,-134.48257,150,40,O,backslope,Taku,Phyllite - Colluvium,125,0.12,,,,,,
HLEF-19-162,58.34771,-134.48257,150,40,Bh,backslope,Taku,Phyllite - Colluvium,138.5,0.19,,,,,,
HLEF-19-163,58.34771,-134.48257,150,40,Bh,backslope,Taku,Phyllite - Colluvium,138.5,0.28,,,,,,
HLEF-19-164,58.34771,-134.48257,150,40,Bhs,backslope,Taku,Phyllite - Colluvium,138.5,0.66,,,,,,
HLEF-19-165,58.34771,-134.48257,150,40,Bhs,backslope,Taku,Phyllite - Colluvium,138.5,0.42,,,,,,
HLEF-19-166,58.34771,-134.48257,150,40,Bs,backslope,Taku,Phyllite - Colluvium,138.5,0.68,,,,,,
HLEF-19-167,58.34771,-134.48257,150,40,Bs,backslope,Taku,Phyllite - Colluvium,138.5,0.57,,,,,,
HLEF-19-168,58.38634,-134.612,140,40,Oe,backslope,Gravina,Volcanic - Colluvium,125,0.13,4.04,,,,,1.332
HLEF-19-169,58.38634,-134.612,140,40,E,backslope,Gravina,Volcanic - Colluvium,138.5,0.42,3.57,,,,,0.33
HLEF-19-170,58.38634,-134.612,140,40,Bhs,backslope,Gravina,Volcanic - Colluvium,138.5,0.44,4.22,,,,,0.32
HLEF-19-171,58.38634,-134.612,140,40,Bs,backslope,Gravina,Volcanic - Colluvium,138.5,0.55,4.44,,,,,0.17
HLEF-19-172,58.38634,-134.612,140,40,2E,backslope,Gravina,Volcanic - Colluvium,138.5,0.56,4.16,,,,,0.17
HLEF-19-173,58.38634,-134.612,140,40,3BC(g)?,backslope,Gravina,Volcanic - Colluvium,,,5,,,,,0.16
HLEF-19-174,58.38634,-134.612,140,40,3C,backslope,Gravina,Volcanic - Colluvium,,,5.07,,,,,0.08
HLEF-19-175,58.38634,-134.612,140,40,Oe,backslope,Gravina,Volcanic - Colluvium,125,0.13,,,,,,
HLEF-19-176,58.38634,-134.612,140,40,Oe,backslope,Gravina,Volcanic - Colluvium,125,0.13,,,,,,
HLEF-19-177,58.38634,-134.612,140,40,E,backslope,Gravina,Volcanic - Colluvium,138.5,0.35,,,,,,
HLEF-19-178,58.38634,-134.612,140,40,E,backslope,Gravina,Volcanic - Colluvium,138.5,0.48,,,,,,
HLEF-19-179,58.38634,-134.612,140,40,Bhs,backslope,Gravina,Volcanic - Colluvium,138.5,0.45,,,,,,
HLEF-19-180,58.38634,-134.612,140,40,Bhs,backslope,Gravina,Volcanic - Colluvium,138.5,0.43,,,,,,
HLEF-19-181,58.38634,-134.612,140,40,Bs,backslope,Gravina,Volcanic - Colluvium,138.5,0.58,,,,,,
HLEF-19-182,58.38634,-134.612,140,40,Bs,backslope,Gravina,Volcanic - Colluvium,138.5,0.52,,,,,,
HLEF-19-183,58.38634,-134.612,140,40,2E,backslope,Gravina,Volcanic - Colluvium,138.5,0.56,,,,,,
HLEF-19-184,58.38634,-134.612,140,40,2E,backslope,Gravina,Volcanic - Colluvium,138.5,0.56,,,,,,
HLEF-19-185,58.38384,-134.62649,140,50,Oe,backslope,Gravina,Slate - Colluvium,125,0.26,4.25,,,,,1.53
HLEF-19-186,58.38384,-134.62649,140,50,E,backslope,Gravina,Slate - Colluvium,138,0.42,3.78,,,,,0.54
HLEF-19-187,58.38384,-134.62649,140,50,Bh,backslope,Gravina,Slate - Colluvium,138,0.27,4.16,,,,,0.816
HLEF-19-188,58.38384,-134.62649,140,50,Bhs,backslope,Gravina,Slate - Colluvium,138.5,0.33,4.75,,,,,0.428
HLEF-19-189,58.38384,-134.62649,140,50,Bhs2,backslope,Gravina,Slate - Colluvium,138.5,0.34,4.69,,,,,0.282
HLEF-19-190,58.38384,-134.62649,140,50,Bs,backslope,Gravina,Slate - Colluvium,138.5,0.39,4.82,,,,,0.194
HLEF-19-191,58.38384,-134.62649,140,50,2Cr,backslope,Gravina,Slate - Colluvium,,,5.11,,,,,0.1
HLEF-19-192,58.38384,-134.62649,140,50,Oe,backslope,Gravina,Slate - Colluvium,125,0.22,,,,,,
HLEF-19-193,58.38384,-134.62649,140,50,Oe,backslope,Gravina,Slate - Colluvium,125,0.3,,,,,,
HLEF-19-194,58.38384,-134.62649,140,50,E,backslope,Gravina,Slate - Colluvium,138.5,0.42,,,,,,
HLEF-19-195,58.38384,-134.62649,140,50,E,backslope,Gravina,Slate - Colluvium,138.5,0.41,,,,,,
HLEF-19-196,58.38384,-134.62649,140,50,Bh,backslope,Gravina,Slate - Colluvium,138.5,0.29,,,,,,
HLEF-19-197,58.38384,-134.62649,140,50,Bh,backslope,Gravina,Slate - Colluvium,138.5,0.26,,,,,,
HLEF-19-198,58.38384,-134.62649,140,50,Bhs,backslope,Gravina,Slate - Colluvium,138.5,0.36,,,,,,
HLEF-19-199,58.38384,-134.62649,140,50,Bhs,backslope,Gravina,Slate - Colluvium,138.5,0.3,,,,,,
HLEF-19-200,58.38384,-134.62649,140,50,Bhs2,backslope,Gravina,Slate - Colluvium,138.5,0.36,,,,,,
HLEF-19-201,58.38384,-134.62649,140,50,Bhs2,backslope,Gravina,Slate - Colluvium,138.5,0.31,,,,,,
HLEF-19-202,58.38384,-134.62649,140,50,Bs,backslope,Gravina,Slate - Colluvium,138.5,0.37,,,,,,
HLEF-19-203,58.38384,-134.62649,140,50,Bs,backslope,Gravina,Slate - Colluvium,138.5,0.41,,,,,,
HLEF-19-204,58.36,-134.3,2100,0,rock pavement,Ridgetop,Tonalite,Tonalite - sediments in rock fracture,,,5.62,,,,,0.02
HLEF-19-205,58.36,-134.3,2100,0,A,Ridgetop,Tonalite,Tonalite - sediments in rock fracture,138,0.81,5.92,,,,,0.022
HLEF-19-206,58.36,-134.3,2100,0,Bw/C,Ridgetop,Tonalite,Tonalite - sediments in rock fracture,138,0.88,6.32,,,,,0.043
HLEF-19-207,58.36,-134.3,2100,0,R,Ridgetop,Tonalite,Tonalite - sediments in rock fracture,,,,,,,,0
HLEF-19-208,58.36,-134.3,2100,0,A,Ridgetop,Tonalite,Tonalite - sediments in rock fracture,138.5,0.88,,,,,,
HLEF-19-209,58.36,-134.3,2100,0,A,Ridgetop,Tonalite,Tonalite - sediments in rock fracture,138.5,0.74,,,,,,
HLEF-19-210,58.36,-134.3,2100,0,Bw/C,Ridgetop,Tonalite,Tonalite - sediments in rock fracture,138.5,0.73,,,,,,
HLEF-19-211,58.36,-134.3,2100,0,Bw/C,Ridgetop,Tonalite,Tonalite - sediments in rock fracture,138.5,1.03,,,,,,
HLEF-19-212,58.37715,-134.55917,180,80,Oi,backslope,Gravina,Volcanic - Colluvium,125,0.12,3.91,,,,,1.193
HLEF-19-213,58.37715,-134.55917,180,80,E/Bh,backslope,Gravina,Volcanic - Colluvium,138.5,0.38,4.24,,,,,0.499
HLEF-19-214,58.37715,-134.55917,180,80,Bhs,backslope,Gravina,Volcanic - Colluvium,138.5,0.4,4.98,,,,,0.221
HLEF-19-215,58.37715,-134.55917,180,80,BCg,backslope,Gravina,Volcanic - Colluvium,138.5,0.5,5.28,,,,,0.125
HLEF-19-216,58.37715,-134.55917,180,80,2BC,backslope,Gravina,Volcanic - Colluvium,,,5.55,,,,,0.147
HLEF-19-217,58.37715,-134.55917,180,80,rock,backslope,Gravina,Volcanic - Colluvium,,,,,,,,0.007
HLEF-19-218,58.37715,-134.55917,180,80,rock,backslope,Gravina,Volcanic - Colluvium,,,,,,,,0.012
HLEF-19-219,58.37715,-134.55917,180,80,Oi,backslope,Gravina,Volcanic - Colluvium,125,0.12,,,,,,
HLEF-19-220,58.37715,-134.55917,180,80,Oi,backslope,Gravina,Volcanic - Colluvium,125,0.13,,,,,,
HLEF-19-221,58.37715,-134.55917,180,80,E/Bh,backslope,Gravina,Volcanic - Colluvium,138.5,0.26,,,,,,
HLEF-19-222,58.37715,-134.55917,180,80,E/Bh,backslope,Gravina,Volcanic - Colluvium,138.5,0.49,,,,,,
HLEF-19-223,58.37715,-134.55917,180,80,Bhs,backslope,Gravina,Volcanic - Colluvium,138.5,0.4,,,,,,
HLEF-19-224,58.37715,-134.55917,180,80,Bhs,backslope,Gravina,Volcanic - Colluvium,138.5,0.4,,,,,,
HLEF-19-225,58.37715,-134.55917,180,80,BCg,backslope,Gravina,Volcanic - Colluvium,138.5,0.5,,,,,,
HLEF-19-226,58.37715,-134.55917,180,80,BCg,backslope,Gravina,Volcanic - Colluvium,138.5,0.5,,,,,,
HLEF-19-227,58.39552,-134.65585,180,76,Oi,backslope,Gravina Sedimentary,Slate - Colluvium,125,0.2,4.46,,,,,1.317
HLEF-19-228,58.39552,-134.65585,180,76,E/Bh,backslope,Gravina Sedimentary,Slate - Colluvium,138,0.31,3.85,,,,,0.42
HLEF-19-229,58.39552,-134.65585,180,76,Bhs/Bs,backslope,Gravina Sedimentary,Slate - Colluvium,138,0.34,4.93,,,,,0.22
HLEF-19-230,58.39552,-134.65585,180,76,2BC1,backslope,Gravina Sedimentary,Slate - Colluvium,138,0.51,5.2,,,,,0.13
HLEF-19-231,58.39552,-134.65585,180,76,2BC2,backslope,Gravina Sedimentary,Slate - Colluvium,,,5.51,,,,,0.12
HLEF-19-232,58.39552,-134.65585,180,76,3Cr,backslope,Gravina Sedimentary,Slate - Colluvium,,,,,,,,0.086
HLEF-19-233,58.39552,-134.65585,180,76,Oi,backslope,Gravina Sedimentary,Slate - Colluvium,125,0.18,,,,,,
HLEF-19-234,58.39552,-134.65585,180,76,Oi,backslope,Gravina Sedimentary,Slate - Colluvium,125,0.21,,,,,,
HLEF-19-235,58.39552,-134.65585,180,76,E/Bh,backslope,Gravina Sedimentary,Slate - Colluvium,138.5,0.34,,,,,,
HLEF-19-236,58.39552,-134.65585,180,76,E/Bh,backslope,Gravina Sedimentary,Slate - Colluvium,138.5,0.29,,,,,,
HLEF-19-237,58.39552,-134.65585,180,76,Bhs/Bs,backslope,Gravina Sedimentary,Slate - Colluvium,138.5,0.31,,,,,,
HLEF-19-238,58.39552,-134.65585,180,76,Bhs/Bs,backslope,Gravina Sedimentary,Slate - Colluvium,138.5,0.37,,,,,,
HLEF-19-239,58.39552,-134.65585,180,76,2BC1,backslope,Gravina Sedimentary,Slate - Colluvium,138.5,0.51,,,,,,
HLEF-19-240,58.39552,-134.65585,180,76,Buried O horizon,backslope,Gravina Sedimentary,Slate - Colluvium,,,,,,,,
HLEF-19-241,58.34226,-134.47922,150,56,Oe,backslope,Taku sedimentary,Slate/Phyllite - Colluvium,125,0.21,4.9,,,,,0.694
HLEF-19-242,58.34226,-134.47922,150,56,A ,backslope,Taku sedimentary,Slate/Phyllite - Colluvium,138,0.27,4.93,,,,,0.18
HLEF-19-243,58.34226,-134.47922,150,56,2Bs,backslope,Taku sedimentary,Slate/Phyllite - Colluvium,138,0.58,5.38,,,,,0.08
HLEF-19-244,58.34226,-134.47922,150,56,2BC/Cr,backslope,Taku sedimentary,Slate/Phyllite - Colluvium,,,5.82,,,,,0.03
HLEF-19-245,58.34226,-134.47922,150,56,,backslope,Taku sedimentary,Slate/Phyllite - Colluvium,,,,,,,,0.014
HLEF-19-246,58.34226,-134.47922,150,56,Oe,backslope,Taku sedimentary,Slate/Phyllite - Colluvium,125,0.25,,,,,,
HLEF-19-247,58.34226,-134.47922,150,56,Oe,backslope,Taku sedimentary,Slate/Phyllite - Colluvium,125,0.16,,,,,,
HLEF-19-248,58.34226,-134.47922,150,56,A ,backslope,Taku sedimentary,Slate/Phyllite - Colluvium,138.5,0.35,,,,,,
HLEF-19-249,58.34226,-134.47922,150,56,A ,backslope,Taku sedimentary,Slate/Phyllite - Colluvium,138.5,0.19,,,,,,
HLEF-19-250,58.34226,-134.47922,150,56,2Bs,backslope,Taku sedimentary,Slate/Phyllite - Colluvium,138.5,0.63,,,,,,
HLEF-19-251,58.34226,-134.47922,150,56,2Bs,backslope,Taku sedimentary,Slate/Phyllite - Colluvium,138.5,0.52,,,,,,
HLEF-19-252,58.65514,-134.83986,610,37,Oi/E,backslope,Tonalite,Tonalite - Colluvium,125,0.15,4.51,,,,,1.429
HLEF-19-253,58.65514,-134.83986,610,37,E/B,backslope,Tonalite,Tonalite - Colluvium,138,0.6,4.23,,,,,0.41
HLEF-19-254,58.65514,-134.83986,610,37,Bs1,backslope,Tonalite,Tonalite - Colluvium,138,0.55,4.78,,,,,0.205
HLEF-19-255,58.65514,-134.83986,610,37,Bs2,backslope,Tonalite,Tonalite - Colluvium,138,0.62,5.1,,,,,0.164
HLEF-19-256,58.65514,-134.83986,610,37,2Cr,backslope,Tonalite,Tonalite - Colluvium,,,5.23,,,,,0.024
HLEF-19-257,58.65514,-134.83986,610,37,Oi/E,backslope,Tonalite,Tonalite - Colluvium,125,0.15,,,,,,
HLEF-19-258,58.65514,-134.83986,610,37,E/B,backslope,Tonalite,Tonalite - Colluvium,138.5,0.6,,,,,,
HLEF-19-259,58.65514,-134.83986,610,37,Bs1,backslope,Tonalite,Tonalite - Colluvium,138.5,0.57,,,,,,
HLEF-19-260,58.65514,-134.83986,610,37,Bs1,backslope,Tonalite,Tonalite - Colluvium,138.5,0.54,,,,,,
HLEF-19-261,58.65514,-134.83986,610,37,Bs2,backslope,Tonalite,Tonalite - Colluvium,138.5,0.59,,,,,,
HLEF-19-262,58.65514,-134.83986,610,37,Bs2,backslope,Tonalite,Tonalite - Colluvium,138.5,0.65,,,,,,
HLEF-19-263,58.65514,-134.83986,610,37,2R,backslope,Tonalite,Tonalite - Colluvium,,,,,,,,0
HLEF-19-264,58.38607,-134.61224,140,2,Oe,ridgetop,Gravina volcanic,Volcanic ,,,3.67,,,,,1.209
HLEF-19-265,58.38607,-134.61224,140,2,E,ridgetop,Gravina volcanic,Volcanic ,138,0.67,3.95,,,,,0.201
HLEF-19-266,58.38607,-134.61224,140,2,Bh,ridgetop,Gravina volcanic,Volcanic ,138,0.61,4.49,,,,,0.203
HLEF-19-267,58.38607,-134.61224,140,2,2Bhs/Bs,ridgetop,Gravina volcanic,Volcanic ,138,0.59,4.86,,,,,0.119
HLEF-19-268,58.38607,-134.61224,140,2,2C,ridgetop,Gravina volcanic,Volcanic ,,,4.93,,,,,0.048
HLEF-19-269,58.38607,-134.61224,140,2,2Cr,ridgetop,Gravina volcanic,Volcanic ,,,,,,,,0.002
HLEF-19-270,58.38607,-134.61224,140,2,Oe,ridgetop,Gravina volcanic,Volcanic ,,,,,,,,
HLEF-19-271,58.38607,-134.61224,140,2,Oe,ridgetop,Gravina volcanic,Volcanic ,,,,,,,,
HLEF-19-272,58.38607,-134.61224,140,2,E,ridgetop,Gravina volcanic,Volcanic ,138.5,0.61,,,,,,
HLEF-19-273,58.38607,-134.61224,140,2,E,ridgetop,Gravina volcanic,Volcanic ,138.5,0.72,,,,,,
HLEF-19-274,58.38607,-134.61224,140,2,Bh,ridgetop,Gravina volcanic,Volcanic ,138.5,0.65,,,,,,
HLEF-19-275,58.38607,-134.61224,140,2,Bh,ridgetop,Gravina volcanic,Volcanic ,138.5,0.57,,,,,,
HLEF-19-276,58.38607,-134.61224,140,2,2Bhs/Bs,ridgetop,Gravina volcanic,Volcanic ,138.5,0.61,,,,,,
HLEF-19-277,58.38607,-134.61224,140,2,2Bhs/Bs,ridgetop,Gravina volcanic,Volcanic ,138.5,0.58,,,,,,
HLEF-19-278,58.3866,-134.61078,90,60,Oe,backslope,Gravina volcanic,Volcanic - Colluvium,125,0.18,3.79,,,,,1.082
HLEF-19-279,58.3866,-134.61078,90,60,E,backslope,Gravina volcanic,Volcanic - Colluvium,138,0.6,4.05,,,,,0.181
HLEF-19-280,58.3866,-134.61078,90,60,Bh,backslope,Gravina volcanic,Volcanic - Colluvium,138,0.64,3.99,,,,,0.313
HLEF-19-281,58.3866,-134.61078,90,60,Bs1,backslope,Gravina volcanic,Volcanic - Colluvium,138,0.64,4.97,,,,,0.104
HLEF-19-282,58.3866,-134.61078,90,60,Bs2,backslope,Gravina volcanic,Volcanic - Colluvium,138,0.9,5.27,,,,,0.041
HLEF-19-283,58.3866,-134.61078,90,60,2BC,backslope,Gravina volcanic,Volcanic - Colluvium,,,5.48,,,,,0.01
HLEF-19-284,58.3866,-134.61078,90,60,2C,backslope,Gravina volcanic,Volcanic - Colluvium,,,,,,,,0
HLEF-19-285,58.3866,-134.61078,90,60,,backslope,Gravina volcanic,Volcanic - Colluvium,,,,,,,,
HLEF-19-286,58.3866,-134.61078,90,60,,backslope,Gravina volcanic,Volcanic - Colluvium,,,,,,,,
HLEF-19-287,58.3866,-134.61078,90,60,Oe,backslope,Gravina volcanic,Volcanic - Colluvium,125,0.17,,,,,,
HLEF-19-288,58.3866,-134.61078,90,60,Oe,backslope,Gravina volcanic,Volcanic - Colluvium,125,0.2,,,,,,
HLEF-19-289,58.3866,-134.61078,90,60,E,backslope,Gravina volcanic,Volcanic - Colluvium,138.5,0.65,,,,,,
HLEF-19-290,58.3866,-134.61078,90,60,E,backslope,Gravina volcanic,Volcanic - Colluvium,138.5,0.55,,,,,,
HLEF-19-291,58.3866,-134.61078,90,60,Bh,backslope,Gravina volcanic,Volcanic - Colluvium,138.5,0.72,,,,,,
HLEF-19-292,58.3866,-134.61078,90,60,Bh,backslope,Gravina volcanic,Volcanic - Colluvium,138.5,0.57,,,,,,
HLEF-19-293,58.3866,-134.61078,90,60,Bs1,backslope,Gravina volcanic,Volcanic - Colluvium,138.5,0.61,,,,,,
HLEF-19-294,58.3866,-134.61078,90,60,Bs1,backslope,Gravina volcanic,Volcanic - Colluvium,138.5,0.68,,,,,,
HLEF-19-295,58.3866,-134.61078,90,60,Bs2,backslope,Gravina volcanic,Volcanic - Colluvium,138.5,0.92,,,,,,
HLEF-19-296,58.3866,-134.61078,90,60,Bs2,backslope,Gravina volcanic,Volcanic - Colluvium,138.5,0.89,,,,,,
HLEF-19-297,58.38681,-134.6257,90,55,O,backslope,Gravina Sedimentary,Slate/Phyllite - Colluvium,125,0.12,3.91,,,,,1.825
HLEF-19-298,58.38681,-134.6257,90,55,E,backslope,Gravina Sedimentary,Slate/Phyllite - Colluvium,138,0.31,3.7,,,,,0.281
HLEF-19-299,58.38681,-134.6257,90,55,2Bh,backslope,Gravina Sedimentary,Slate/Phyllite - Colluvium,138,0.29,4.09,,,,,0.629
HLEF-19-300,58.38681,-134.6257,90,55,2Bhs/Bs,backslope,Gravina Sedimentary,Slate/Phyllite - Colluvium,138,0.3,4.69,,,,,0.201
HLEF-19-301,58.38681,-134.6257,90,55,2Bs/C,backslope,Gravina Sedimentary,Slate/Phyllite - Colluvium,138,0.25,4.86,,,,,0.158
HLEF-19-302,58.38681,-134.6257,90,55,2C,backslope,Gravina Sedimentary,Slate/Phyllite - Colluvium,,,,,,,,0.025
HLEF-19-303,58.38681,-134.6257,90,55,,backslope,Gravina Sedimentary,Slate/Phyllite - Colluvium,,,,,,,,
HLEF-19-304,58.38681,-134.6257,90,55,O,backslope,Gravina Sedimentary,Slate/Phyllite - Colluvium,125,0.12,,,,,,
HLEF-19-305,58.38681,-134.6257,90,55,O,backslope,Gravina Sedimentary,Slate/Phyllite - Colluvium,125,0.12,,,,,,
HLEF-19-306,58.38681,-134.6257,90,55,E,backslope,Gravina Sedimentary,Slate/Phyllite - Colluvium,138.5,0.28,,,,,,
HLEF-19-307,58.38681,-134.6257,90,55,E,backslope,Gravina Sedimentary,Slate/Phyllite - Colluvium,138.5,0.35,,,,,,
HLEF-19-308,58.38681,-134.6257,90,55,2Bh,backslope,Gravina Sedimentary,Slate/Phyllite - Colluvium,138.5,0.29,,,,,,
HLEF-19-309,58.38681,-134.6257,90,55,2Bh,backslope,Gravina Sedimentary,Slate/Phyllite - Colluvium,138.5,0.28,,,,,,
HLEF-19-310,58.38681,-134.6257,90,55,2Bhs/Bs,backslope,Gravina Sedimentary,Slate/Phyllite - Colluvium,138.5,0.27,,,,,,
HLEF-19-311,58.38681,-134.6257,90,55,Bhs/Bs,backslope,Gravina Sedimentary,Slate/Phyllite - Colluvium,138.5,0.33,,,,,,
HLEF-19-312,58.38681,-134.6257,90,55,2Bs/C,backslope,Gravina Sedimentary,Slate/Phyllite - Colluvium,138.5,0.26,,,,,,
HLEF-19-313,58.38681,-134.6257,90,55,2Bs/C,backslope,Gravina Sedimentary,Slate/Phyllite - Colluvium,138.5,0.23,,,,,,
HLEF-19-314,58.65095,-134.83272,840,0,O,backslope,Tonalite,Tonalite - Till,125,0.12,4.12,,,,,1.31
HLEF-19-315,58.65095,-134.83272,840,0,E,ridgetop,Tonalite,Tonalite - Till,138,0.62,3.99,,,,,0.129
HLEF-19-316,58.65095,-134.83272,840,0,Bh,ridgetop,Tonalite,Tonalite - Till,138,0.54,4.59,,,,,0.235
HLEF-19-317,58.65095,-134.83272,840,0,Bhs,ridgetop,Tonalite,Tonalite - Till,138,0.58,4.85,,,,,0.211
HLEF-19-318,58.65095,-134.83272,840,0,Bs/C,ridgetop,Tonalite,Tonalite - Till,,,5.05,,,,,0.091
HLEF-19-319,58.65095,-134.83272,840,0,Cr,ridgetop,Tonalite,Tonalite - Till,,,,,,,,0
HLEF-19-320,58.65095,-134.83272,840,0,O,ridgetop,Tonalite,Tonalite - Till,125,0.11,,,,,,
HLEF-19-321,58.65095,-134.83272,840,0,O,ridgetop,Tonalite,Tonalite - Till,125,0.13,,,,,,
HLEF-19-322,58.65095,-134.83272,840,0,E,ridgetop,Tonalite,Tonalite - Till,138.5,0.67,,,,,,
HLEF-19-323,58.65095,-134.83272,840,0,E,ridgetop,Tonalite,Tonalite - Till,138.5,0.58,,,,,,
HLEF-19-324,58.65095,-134.83272,840,0,Bh,ridgetop,Tonalite,Tonalite - Till,138.5,0.5,,,,,,
HLEF-19-325,58.65095,-134.83272,840,0,Bh,ridgetop,Tonalite,Tonalite - Till,138.5,0.58,,,,,,
HLEF-19-326,58.65095,-134.83272,840,0,Bhs,ridgetop,Tonalite,Tonalite - Till,138.5,0.65,,,,,,
HLEF-19-327,58.65095,-134.83272,840,0,Bhs,ridgetop,Tonalite,Tonalite - Till,138.5,0.51,,,,,,
HLEF-19-328,58.38475,-134.6251,140,0,O,ridgetop,Gravina Sedimentary,Slate,,0.11,4.01,,,,,1.57
HLEF-19-329,58.38475,-134.6251,140,0,BC,ridgetop,Gravina Sedimentary,Slate,,,4.12,,,,,0.221
HLEF-19-330,58.38475,-134.6251,140,0,R,ridgetop,Gravina Sedimentary,Slate,,,,,,,,0.13
HLEF-19-331,58.38475,-134.6251,140,0,O,ridgetop,Gravina Sedimentary,Slate,125,0.1,,,,,,
HLEF-19-332,58.38475,-134.6251,140,0,O,ridgetop,Gravina Sedimentary,Slate,125,0.11,,,,,,
